Date,Energy_Consumption,Temperature,Economic_Index
2020-01-01,57.8568850652055,7.061951638570026,99.95964170994571
2020-01-02,50.717596346039755,11.440669506505072,99.99895930510375
2020-01-03,57.878572913795324,14.822914254922512,98.9998589628377
2020-01-04,69.1942694103329,8.305688392849177,99.45802280018894
2020-01-05,51.16299832763287,11.668884316282488,99.63126703813793
2020-01-06,52.210967440709304,10.222561106118306,100.13027209306776
2020-01-07,69.83832985708577,12.654895085876362,98.68214440397092
2020-01-08,62.608733665240145,12.097477136530477,99.72633175636128
2020-01-09,51.05633060147297,11.031658491875598,99.6565369422837
2020-01-10,61.04297791169517,13.545141732464312,100.21062835065246
2020-01-11,50.52113038442399,16.43209686722215,99.69067538708968
2020-01-12,52.186821953907796,12.694759914574691,99.99706233962097
2020-01-13,59.040837443584486,14.768338579358847,99.47035455803415
2020-01-14,39.0610108768337,10.993545574346925,99.15847007768625
2020-01-15,41.35928967734717,11.917426673106787,100.11548575461964
2020-01-16,52.532642868829335,15.024184918772338,100.02014455423796
2020-01-17,47.86329341615527,17.295468550281065,100.12886099082782
2020-01-18,62.317375516651154,15.285045067415655,100.5638948561722
2020-01-19,50.962317596288784,14.192928864339159,100.8117358001585
2020-01-20,46.16161113358902,15.061426304758408,100.88694525273029
2020-01-21,76.13935859588753,12.804326364706139,101.0694257539634
2020-01-22,58.7617303523501,16.75489879607083,102.27113354658255
2020-01-23,61.92876389831033,17.549617218300924,102.24232414806575
2020-01-24,48.23029079660224,15.118139172423433,102.34287367142323
2020-01-25,57.550275083903365,15.317819743665748,102.86820086942704
2020-01-26,64.16966933652463,17.023390347560564,103.42096383590604
2020-01-27,52.48484007951904,15.850000654024967,104.01447898868622
2020-01-28,67.98396048019508,16.82098883429112,104.33384409970081
2020-01-29,57.19396127893175,21.38045118006986,103.76234164333557
2020-01-30,62.23836593349147,16.912581850907664,104.57905740948613
2020-01-31,59.47022397974277,16.91338385373912,104.00588471297678
2020-02-01,84.58984540541125,16.556150499212936,104.1572024455963
2020-02-02,65.39365734806466,19.558461516074367,103.78006452058662
2020-02-03,55.868324769604186,17.92408135107809,103.74799534729011
2020-02-04,75.3484430399366,17.20178026772391,103.91237655244186
2020-02-05,54.12379908603128,21.354612166353036,104.07305516016699
2020-02-06,68.75920777229577,21.760106313438722,104.28401553728463
2020-02-07,48.79788732294397,17.926305920249483,105.09087117181396
2020-02-08,56.26378323158837,15.597621323891776,105.31763832257094
2020-02-09,70.10673981847374,21.546511893026505,105.19556000492562
2020-02-10,76.9710182196161,18.360183764004713,105.6776035890698
2020-02-11,70.86545798428656,21.505770471959714,106.27233883353212
2020-02-12,69.85559873217753,16.17644664707051,105.65853492596362
2020-02-13,66.66469719750874,22.09098618495362,105.95723496088856
2020-02-14,56.53923486012,18.069531047213147,106.307821332044
2020-02-15,63.24215122887106,22.13637757235967,106.15903958036401
2020-02-16,66.70735002365,20.88320671011156,106.84689298701981
2020-02-17,82.75109303810947,19.123376505666492,106.77186519350356
2020-02-18,75.5951236037507,20.390508689594768,106.83465342023932
2020-02-19,54.144228990021475,22.74722404109184,106.7481175080974
2020-02-20,75.64856251399685,21.753011309489537,106.75590703188813
2020-02-21,68.43762750754622,22.873263727006606,106.20776948844052
2020-02-22,64.81157870295762,25.81706602038263,105.48774404714338
2020-02-23,80.24701491964073,18.89193309919805,106.28499657875587
2020-02-24,82.70621686558539,25.407511035047666,105.8615159045967
2020-02-25,82.77100368383333,22.530860174582642,105.36581972986855
2020-02-26,65.69977110370893,20.669991298840866,104.2891246730667
2020-02-27,71.43576252045484,19.948648833039194,103.96964379922194
2020-02-28,77.25806216295746,22.36901559135885,103.30809890251818
2020-02-29,83.42676343661917,24.724759597985962,104.12910648258637
2020-03-01,69.83172714482987,22.756747080188884,104.63401502725769
2020-03-02,71.92994372732538,26.160685437658337,104.28993985466883
2020-03-03,64.93430872899462,20.358661269047335,105.41615775734098
2020-03-04,63.472119562786766,23.355542301201115,105.90704050083679
2020-03-05,84.46620642853854,20.989676155957408,105.74462480908247
2020-03-06,88.87205777292958,24.332470957289473,104.49492195164568
2020-03-07,74.6861086964525,25.485694602974604,105.64039323794105
2020-03-08,86.26167529281491,22.973045728387408,104.94560700455925
2020-03-09,81.1557830219383,18.704697540433678,104.1229076310808
2020-03-10,69.66912147027257,24.405454725936867,104.63419284708563
2020-03-11,79.98905621161343,24.97131797259545,105.85406905025526
2020-03-12,92.05973778297692,24.992535321330532,106.54620545951053
2020-03-13,76.01784346324094,26.73741212807161,106.82816001953671
2020-03-14,93.59816428209697,22.20141503958049,107.12553719036934
2020-03-15,50.913677778527855,25.777378968985413,107.5522449697595
2020-03-16,85.21623079939482,26.871114089778775,107.93170926465288
2020-03-17,79.78871423532658,20.99378365975958,108.07230497663757
2020-03-18,74.78257811240937,25.250810479424267,108.12440552861351
2020-03-19,79.27387016528664,23.65936546056951,108.09310896466376
2020-03-20,58.23976478382419,24.556551707870852,107.71612667023041
2020-03-21,75.71391538503963,25.462460218358054,107.57578913179702
2020-03-22,81.8867357795721,23.83578450768269,106.72931072469933
2020-03-23,93.26367210190003,23.49757126798707,106.68014091130196
2020-03-24,72.83564177847327,24.951637976245035,106.18584535772649
2020-03-25,70.5467783000053,22.738776725683675,105.63405069911862
2020-03-26,73.67465859817788,22.767134684437316,105.72399777469535
2020-03-27,86.96218380507834,26.31862116253534,106.41999891786764
2020-03-28,82.31272220133269,22.678943247016157,106.8791572208688
2020-03-29,72.50226713220748,26.32137517041368,106.09390691905722
2020-03-30,82.96903492606282,25.921710115406267,105.59909285077205
2020-03-31,80.21991908298084,21.548247638461657,106.06947844476616
2020-04-01,88.2065104420255,23.64362057514976,105.578234747997
2020-04-02,70.34461721152537,27.38141301640511,105.46591817299849
2020-04-03,75.43169944462664,23.020864671496142,105.74094422251076
2020-04-04,74.35580302714736,24.039948888362108,105.25677199507895
2020-04-05,63.064307927089395,25.874005312816344,105.30945974815192
2020-04-06,80.29484329828254,26.493360685075654,104.64244700069283
2020-04-07,80.4578783454881,24.395774966922218,104.34176317871722
2020-04-08,78.08338014423038,23.671690570518532,104.50165414578849
2020-04-09,74.25301675595863,27.67490357688212,103.70515727902266
2020-04-10,62.22970953489555,28.26702157705261,103.92539464800285
2020-04-11,72.55397416707478,26.701614381263326,103.91557574853951
2020-04-12,73.84017723130292,24.864841659812402,104.19182072574809
2020-04-13,69.71121134044985,23.023626816203674,104.30377779278042
2020-04-14,76.17159314286837,22.92088413632279,104.98584800776734
2020-04-15,80.91910562391783,25.564094955892482,105.04846025909129
2020-04-16,95.64607056566362,25.2888546702396,104.83375748852866
2020-04-17,77.83110455373556,27.183964440702308,104.8949062400448
2020-04-18,79.03741031669492,25.606115134528967,105.16655525456301
2020-04-19,76.87880637164977,21.21926309666294,105.19098528972586
2020-04-20,56.76378465989713,26.24531238630215,105.2112811353278
2020-04-21,76.69622901071487,22.05709893980265,104.86028529142442
2020-04-22,76.97191207057993,23.19291642166499,104.52883483264894
2020-04-23,100.31722085637554,24.364761245399787,103.8275321967491
2020-04-24,72.71783643650144,27.75508937045883,104.70232056834257
2020-04-25,76.6860181472648,29.878906563423968,104.08038895064692
2020-04-26,74.5712086970951,24.763783153142633,103.73393635174897
2020-04-27,63.441986052569966,23.071196123582858,103.37473271896437
2020-04-28,86.01742546460126,24.3898711364035,103.8221949074366
2020-04-29,81.66199228632672,24.975493911350707,103.67472006829058
2020-04-30,82.69094939377797,22.43425952952544,104.29859110462745
2020-05-01,64.13149206227907,26.537554632573315,103.96184579250551
2020-05-02,87.99538455719023,23.274974064630214,104.10134287361741
2020-05-03,59.47342835052298,23.67422203847874,103.68366934698753
2020-05-04,79.23636489412011,23.870730695388477,104.75624391087423
2020-05-05,95.05612529946272,23.238486202087557,104.16244470135948
2020-05-06,62.77646377157682,23.92595177262797,104.31735505647299
2020-05-07,67.69946194647234,20.862692821720326,104.63424349693904
2020-05-08,74.10238633883368,20.826139448847176,104.84114304566478
2020-05-09,68.10910714637343,19.58443936023733,104.74849921622592
2020-05-10,56.42592577909792,22.502263081746065,104.68358886635922
2020-05-11,72.13852639258161,23.016202198882368,104.70549460234876
2020-05-12,60.72170196542094,22.205548145283903,104.63199360153453
2020-05-13,75.15517675496888,24.467315029424014,105.11393315993197
2020-05-14,62.15667183031037,20.93217127363922,106.21919466072765
2020-05-15,86.08695010920165,22.102637016324454,105.94044876822375
2020-05-16,63.3659791157411,18.400352399329044,105.25554727843421
2020-05-17,67.23259719589753,19.625018998355863,105.21140625425858
2020-05-18,77.87782364543831,21.602676657286796,106.50126092308574
2020-05-19,56.93740883447984,21.719162184689292,106.09942363910086
2020-05-20,72.04126303183605,19.23941146280791,106.9189820418229
2020-05-21,82.53834877124372,19.48762219483232,107.75783244886112
2020-05-22,53.8655513401914,16.395694725575893,107.48103832800713
2020-05-23,70.80341937839181,18.515210597836695,107.76552986759977
2020-05-24,70.6219572924407,20.80512727541341,108.57972817916404
2020-05-25,75.6396625033013,19.967188816600228,108.3901643086703
2020-05-26,55.118961115674544,19.607915461327288,108.28837412861911
2020-05-27,54.134602582637115,18.493386310514566,107.99753367164479
2020-05-28,72.11684000503834,18.192732895366117,107.49015530629835
2020-05-29,69.8327589508983,16.640308443482102,107.16551653376536
2020-05-30,68.05593170231833,19.13859270564286,106.55354640038422
2020-05-31,68.80768219810616,18.360573090465415,106.57058813451383
2020-06-01,58.041615810487905,18.278128302615947,106.18560151898451
2020-06-02,67.4132242178701,16.015322929772793,106.3024944748799
2020-06-03,68.45326049973087,12.531914562884392,105.52454665177807
2020-06-04,56.06942054719879,18.802087188764816,105.6899867678853
2020-06-05,82.50390650401418,15.417330187526504,106.10675124868976
2020-06-06,68.2165483028229,14.414787854148079,105.10988342740404
2020-06-07,50.26681207803058,17.290811973674987,105.29691171232783
2020-06-08,69.11444602470378,14.881594198221215,105.91074620856446
2020-06-09,51.40210674075166,17.54557872903976,105.30592569921886
2020-06-10,69.04219881930975,16.418196589214396,106.14221189263772
2020-06-11,72.34607477234343,16.308265879768914,106.35172139732074
2020-06-12,53.296822880955105,11.964694191636335,105.99921546944154
2020-06-13,69.16703797880793,16.87458025987516,105.97133093061268
2020-06-14,63.86704004557938,14.725961190455951,106.25049438687354
2020-06-15,67.92333736457276,13.2164281124277,106.28849708257975
2020-06-16,77.99253736415857,13.992109641898535,106.55787507880294
2020-06-17,57.20416222704355,9.902114587662544,106.09753828226326
2020-06-18,50.398673752107754,14.020119354558284,106.18221869428129
2020-06-19,49.33270958755597,10.891350330539504,105.4753614458288
2020-06-20,49.821496940884465,9.991158214196366,105.41974841515444
2020-06-21,56.78753616640629,9.397386821641977,104.96779459442206
2020-06-22,58.88179216925474,14.412364703777978,104.60002962312717
2020-06-23,58.97115979670316,10.672695874403143,105.21807621073239
2020-06-24,62.85164680021948,14.742340526658424,105.76373127102953
2020-06-25,55.57584698324566,10.34644832115339,106.06830033148312
2020-06-26,70.13753955641162,7.746081273316052,105.52214394914682
2020-06-27,52.13157284927724,8.670150280589578,105.36393972429943
2020-06-28,80.25136935036537,13.116956735081835,105.97048857428902
2020-06-29,59.71685201642575,10.07548024753366,106.04134703110897
2020-06-30,44.917077594613055,9.032530360349128,107.20101180109981
2020-07-01,41.95511980737506,10.190931498375257,107.397670720797
2020-07-02,56.864023340747856,10.616288868928104,107.49369527904202
2020-07-03,48.96569332497264,11.589464136736966,107.33913704694076
2020-07-04,57.71664833002382,11.99379929929896,107.4059074993319
2020-07-05,55.94081672898391,8.119665519919879,107.32967258114164
2020-07-06,50.6933977486391,5.929853380577933,107.68372691948593
2020-07-07,42.06525284996335,7.498184570928032,108.16207807788322
2020-07-08,34.46609759367667,8.589338351377062,107.76908334762925
2020-07-09,45.31591968776943,5.885494193780662,107.10346687085035
2020-07-10,57.72377249909931,5.643592976132167,106.1853641842987
2020-07-11,50.13848874592127,7.991076977216338,106.43935984775499
2020-07-12,35.23418024301981,6.952601949955453,105.88767654466804
2020-07-13,48.72959396718843,6.862780259226234,104.8112312481918
2020-07-14,50.936580517319264,5.028424277140681,105.00552055045729
2020-07-15,37.751004526083015,5.833865864374435,106.25202030917369
2020-07-16,48.118117852132826,4.196551320543282,106.24898485340374
2020-07-17,45.735731968331024,7.576936694261332,106.66823024062955
2020-07-18,33.224799513366186,7.619806380345153,106.70914491990334
2020-07-19,49.53329679562366,1.611018661486411,106.65970009330776
2020-07-20,50.68948315003259,3.1998510462472267,107.11923833480165
2020-07-21,55.81013622424458,1.8227567997588414,106.97410106270733
2020-07-22,54.62589419133275,3.2742461702396914,107.10779721974328
2020-07-23,29.595545214170464,4.167504582359808,107.26864612284129
2020-07-24,34.341904857131944,1.196855410755942,106.93460089601976
2020-07-25,48.251016024321046,2.0159409915150563,107.43062207078802
2020-07-26,47.87135370163543,1.6170801562936936,107.34314219244033
2020-07-27,46.68594138702227,3.8067528935404598,106.9652696126939
2020-07-28,79.80679252675557,3.300088271445617,107.2335245344791
2020-07-29,46.98423830196721,1.4891322782175342,106.78429054358358
2020-07-30,51.709286071704376,3.059551137648444,106.79838112226814
2020-07-31,49.94512376760631,1.388012629138837,106.79382162394604
2020-08-01,46.48466848972174,1.7157539141101041,107.33676940686183
2020-08-02,35.32444377594848,5.385953458168078,107.5741185233018
2020-08-03,45.89410539985772,4.502315525470936,107.56160504392923
2020-08-04,31.87606804402722,-0.9930014100078393,107.97048819352938
2020-08-05,35.735900043919735,3.052880817193484,108.66559196803803
2020-08-06,32.95990207979874,2.8060143245960854,108.94449712121397
2020-08-07,39.456220441106396,-1.3208875258790744,108.94967343113565
2020-08-08,60.124312844409424,2.4082862880598053,108.29375531496058
2020-08-09,17.423376847525784,3.644421617887588,107.76119848342289
2020-08-10,44.18545082620852,-1.8759103110372806,107.60858613124556
2020-08-11,20.677621877913555,-1.6623510001648028,107.30383003016591
2020-08-12,30.576524800289103,2.0143649704840056,107.21034437867318
2020-08-13,46.31462070973871,0.3313894794960556,107.23866934112175
2020-08-14,35.633946283853014,0.7037341471743881,107.50351571830011
2020-08-15,24.01946989898773,0.09742428119333124,107.46826632927056
2020-08-16,27.354087486343147,0.016238136716866136,107.71151715118367
2020-08-17,42.03689400884572,-3.5963075679194807,107.74375435858873
2020-08-18,26.01798599729893,0.9763052505139584,106.7560210754118
2020-08-19,35.02709847399735,1.049177571875421,106.28635337850241
2020-08-20,33.85705513944843,-1.9171106799942,106.2143096006416
2020-08-21,26.37243208481482,-1.7102145201333345,105.60946222922105
2020-08-22,55.0059194091233,-4.846962831292162,105.90942659421916
2020-08-23,38.562934745190915,-0.9142334447035647,106.674802010391
2020-08-24,11.796937624459282,-0.9530843113858836,107.28418293623966
2020-08-25,34.01562974617792,-2.37245280568736,107.17746150077456
2020-08-26,24.72005618277403,-0.14660626111763753,107.92282456919953
2020-08-27,40.50811162093509,-3.2070366532394288,107.99715829780058
2020-08-28,23.24790116008203,-1.5495240085087492,107.82861531224157
2020-08-29,30.683601656019913,-4.854161223631635,107.5219139804711
2020-08-30,36.028015642501785,-2.994236222497147,107.37067913722703
2020-08-31,39.468971514946496,-3.4243032964454954,107.17659072795642
2020-09-01,18.37389974272135,-2.7495672155211497,107.26179883914416
2020-09-02,27.199659237772284,-4.059913697109109,107.34208582966909
2020-09-03,25.45425030000243,-3.7005345523669653,107.3436088397458
2020-09-04,22.94792199704233,-1.8982426919872477,107.56207792461898
2020-09-05,47.82766309015382,-4.532597925889675,108.15740106201214
2020-09-06,34.8418165314848,-6.9769085923682574,108.63217812973281
2020-09-07,15.84994252730399,-0.36519302448555724,107.88972914550786
2020-09-08,37.43884049747638,-1.197950808188717,106.61276857805689
2020-09-09,51.0224309633915,-6.63774558464271,107.07992853367652
2020-09-10,38.649716602802386,-2.7620015403659206,106.3964891844688
2020-09-11,13.681686209184788,-5.231373241285261,106.28410648352246
2020-09-12,23.32051152216105,-3.7782405187945622,105.69904997049278
2020-09-13,40.50488463162262,-3.7923189967824613,104.79805975170278
2020-09-14,21.009209258777226,-4.920873829094876,105.06879111580517
2020-09-15,32.815713952891784,-6.0865980765337575,105.44836869595649
2020-09-16,35.90367385076069,-5.962855054068438,105.16011349559314
2020-09-17,18.665059862286657,-6.472542090448009,103.86459234952068
2020-09-18,27.141984652439156,-6.357849791143241,103.59147012539444
2020-09-19,-5.17951907653152,-4.878254859798444,103.78737212809571
2020-09-20,17.15348502478761,-6.220742227678958,103.04791634370865
2020-09-21,23.98172795643579,-3.4660597220598657,103.13959630359822
2020-09-22,13.482800131119202,-1.8922186492299633,103.13194137901172
2020-09-23,43.52841275358177,-6.058959221751297,103.42158712881226
2020-09-24,12.376033549608536,-4.447770665439705,103.48137731301935
2020-09-25,21.983910640632775,-3.950513305706683,102.99484284257856
2020-09-26,27.79594252692401,-4.024752871142336,103.59312859341081
2020-09-27,41.09849974387261,-4.83128519794333,103.51386380689733
2020-09-28,11.907381187090628,-3.507829373590919,103.50021153714236
2020-09-29,37.951128865766535,-4.034251974459755,103.03357755760577
2020-09-30,27.407551486721403,-7.475185940697449,102.81193643201001
2020-10-01,16.143230065399017,-3.258215400919819,102.36953507499656
2020-10-02,30.564397362667698,-3.2141684940617723,102.28306204503485
2020-10-03,29.116248635796158,-6.503103525690629,103.13891628510602
2020-10-04,20.53387485561359,-4.883998925727129,102.45296571364034
2020-10-05,26.721326055400876,-3.5721269565855476,101.64618501470197
2020-10-06,22.896249733023996,-5.331896242568,102.38177017844878
2020-10-07,27.14514195167017,-2.737377045736961,102.27710833987284
2020-10-08,31.848219017819925,-0.12124243707157323,101.94257197054289
2020-10-09,43.146853862836046,-6.382213701179758,102.46252431424092
2020-10-10,15.27833275531992,-7.5291964575889345,102.15971654437249
2020-10-11,48.239271877502894,-4.111959862864389,103.07272140114596
2020-10-12,7.293388660668165,-3.224600112332566,103.4116843368156
2020-10-13,25.914652993602846,-5.073239575275849,103.16772863274274
2020-10-14,32.623862207514804,-1.6444375011305405,104.24638273937549
2020-10-15,31.275418802560228,-7.163310664269325,103.94352527787382
2020-10-16,21.211358732007117,-3.0311095120212914,104.31457296387848
2020-10-17,26.291149761605325,-5.555244040396376,104.46421925408173
2020-10-18,22.3094407239171,-0.827091932012713,105.11508989878112
2020-10-19,21.47730443869378,-0.19891510507090704,105.89584549714455
2020-10-20,37.67205495969741,-5.631154044695125,105.91184757167743
2020-10-21,32.6940675335119,-5.106672704161038,105.53513863650434
2020-10-22,21.555863325530844,-2.193949479728344,105.7651247079739
2020-10-23,38.328762712051606,-4.588830615328547,105.42626702309785
2020-10-24,32.57657037017166,-3.802742258644482,106.43296064686116
2020-10-25,37.78478157207744,-3.5544303509547195,106.50122831240253
2020-10-26,37.27121864417181,-7.333809357178961,106.31856753674647
2020-10-27,21.75500974165311,-3.407395689081704,106.41090768967892
2020-10-28,24.915773667895852,-4.6404681972788016,105.73734454491408
2020-10-29,37.98387876862603,-4.124621221963194,105.25153752565875
2020-10-30,35.78773530257483,-0.12458131400632677,105.85174447963097
2020-10-31,31.251066728922147,-5.394473162695557,105.52329734014526
2020-11-01,31.514983256847934,-1.1208459994169604,104.9998418488043
2020-11-02,44.06189101741772,-3.167201945180792,105.26816822506794
2020-11-03,25.729495300890985,-3.027079732478789,105.86102030239944
2020-11-04,36.79319795640417,-0.7414045074327957,106.22049695773197
2020-11-05,29.92350085435899,-1.4929832959726363,106.71852080063488
2020-11-06,29.814137072211846,-0.8791903281810935,106.34012325635015
2020-11-07,42.8635870608502,0.07218446971405945,105.62921792297922
2020-11-08,41.33138126727689,-2.3670545324282886,106.37988474895697
2020-11-09,41.62606928107779,-2.7656958722745744,106.2185448295359
2020-11-10,47.087705935536306,-3.5448881802940364,106.09312832130838
2020-11-11,34.50894157649939,-2.8554023754062383,106.75722539223291
2020-11-12,39.20400705156941,4.866933506157664,107.03534039693324
2020-11-13,30.65025856567241,1.6346985870348876,107.26328428297404
2020-11-14,39.07422136750889,-3.3769980666426678,108.34578545542459
2020-11-15,34.760662158599196,-3.1367908192618463,108.02402634023451
2020-11-16,36.3585837295476,0.6579406150819705,108.48794640427514
2020-11-17,41.62818968904698,0.977875312261749,108.51645296672368
2020-11-18,27.846929922527803,1.173248397000545,108.6507491061553
2020-11-19,57.9197890904671,-0.23935500263212128,109.41498331936157
2020-11-20,27.24535530780647,0.21760696664153711,109.66890119750639
2020-11-21,25.286803919791172,1.3250578217056954,109.9380492370312
2020-11-22,49.60827332442618,1.0446329608597662,110.4743029056861
2020-11-23,47.64104195396133,-3.3595010499065294,110.29182654091466
2020-11-24,45.04311531724376,0.8283966370425941,109.87222170724515
2020-11-25,45.7133675898224,-0.20333921288740298,109.34981711023464
2020-11-26,38.858632697520754,2.063893140302722,108.36663881554664
2020-11-27,28.896117485456372,7.900440432132333,109.39474238051679
2020-11-28,40.45908623436233,2.883729220465356,108.84313819765595
2020-11-29,33.69189390552628,1.742876469873643,108.73251138586306
2020-11-30,49.82566085109546,4.4369697515548445,108.5941047359186
2020-12-01,39.28166214666512,3.784368172681602,108.74780808482316
2020-12-02,33.00357476799963,3.886934917360915,109.15567669109281
2020-12-03,38.40936570021472,4.490261060325183,109.58591343527267
2020-12-04,45.21848573702015,7.621453241402608,109.29437471598821
2020-12-05,37.745013438360715,1.4803190901634138,109.210813859095
2020-12-06,34.62609384036431,4.924944315533303,109.35210383433915
2020-12-07,46.50383558794554,2.3622866463828114,109.22775827124738
2020-12-08,46.19466849142119,5.565157149324399,110.03143105925737
2020-12-09,40.01842274469817,2.8574851443822293,110.2769185350765
2020-12-10,40.56207457795021,4.102422878878129,110.6443574281014
2020-12-11,48.00033656145082,4.59077524613871,110.97579806243512
2020-12-12,30.970682322920112,7.377815068845077,111.56253499117777
2020-12-13,31.84859670551937,7.509672394675679,111.65304577052963
2020-12-14,40.32898115553412,3.4291928840956527,111.00462979655171
2020-12-15,45.06195374530443,6.279568795256876,111.20447377242803
2020-12-16,51.124427100784246,5.0007488004124045,110.87879532553211
2020-12-17,63.47256393122591,4.154167483586829,110.61448698465723
2020-12-18,57.15817551443198,6.48939840112197,110.90766899403478
2020-12-19,47.59128537838683,6.559633775439701,111.5268105297516
2020-12-20,47.79332211616204,12.284035809968877,111.53744631811963
2020-12-21,39.618428096350144,8.551287340757177,111.6918628244191
2020-12-22,51.14942451098772,5.185583416792548,112.54297029673673
2020-12-23,48.41964224566389,7.067331318167825,112.66334688648101
2020-12-24,54.2781000299279,10.496241129147265,113.96418844357122
2020-12-25,42.63191118622732,12.88741356467815,114.24694326638698
2020-12-26,58.56390562365714,5.795996973489275,113.36656188680908
2020-12-27,69.38768878638848,5.465856221373098,113.74323269736134
2020-12-28,51.198830691788885,13.225606176402376,113.93381188980273
2020-12-29,57.760145785961896,10.521028012404278,114.5786882668441
2020-12-30,61.90547134473278,8.263414536247275,114.91527894247908
2020-12-31,50.57516860153938,11.327458514582379,114.8460509504872
2021-01-01,58.60809440995658,4.986704864303765,114.23390183234251
2021-01-02,55.32752784097957,10.523075187535508,114.1293902036995
2021-01-03,56.33719579129441,11.429937354034976,113.70412997659486
2021-01-04,47.65257561152029,12.880576681110458,113.41386825169249
2021-01-05,57.287173172550396,9.26168007647662,113.7081574539028
2021-01-06,61.966285841737765,11.717899784518242,114.5431097060785
2021-01-07,72.58008509271767,9.952271421371115,114.74044547098998
2021-01-08,67.26858748433023,12.569949093047606,114.1425039399724
2021-01-09,80.37686835028904,10.523939665238169,114.36480527408247
2021-01-10,51.43198425472438,11.753195484401724,114.96312101740529
2021-01-11,68.55212261813277,10.831769858068204,114.6582295652456
2021-01-12,61.09114725532094,14.378839981676602,114.59122098190915
2021-01-13,81.4616702596437,15.045724928375813,114.59856507927374
2021-01-14,52.48516820612119,13.110850350174424,114.20611592273262
2021-01-15,52.4973990346099,13.906775416662862,114.53025613965455
2021-01-16,56.204117824529725,11.182189533744495,114.46978206535066
2021-01-17,40.733060441622364,13.727883197195561,114.67954828730417
2021-01-18,56.89522422183343,14.473409135760846,114.23580219840312
2021-01-19,53.33198851264862,20.060631107445417,114.01707304824141
2021-01-20,65.15360476530752,12.838909442363374,114.3782637271553
2021-01-21,65.8961639602395,18.23349631015045,114.19184715110941
2021-01-22,82.10263478713676,17.539585690291712,115.05532907672612
2021-01-23,73.64137559516217,16.346223902634378,114.85551098391882
2021-01-24,57.90730554697015,19.539560806479862,114.96785334679475
2021-01-25,56.01785662211264,17.002114984398478,115.43414876273131
2021-01-26,70.16646698695325,17.269952279592324,114.72496589626479
2021-01-27,52.52830083403945,16.617198820071067,113.8445614902744
2021-01-28,83.51732490371295,19.40039182838002,113.08173333298936
2021-01-29,77.58683766681953,19.373946069358595,113.71302538470295
2021-01-30,62.46234564288144,16.15527867740723,113.43709631175672
2021-01-31,51.074551284997305,14.99156976858403,114.71619595459084
2021-02-01,81.39442454296548,17.44527283569194,114.43407215526216
2021-02-02,67.45902612171118,16.4700004442792,114.52634780686067
2021-02-03,81.06285890690707,18.159480548283586,115.2974027831446
2021-02-04,52.52424516211418,20.97540261373504,116.30044922722416
2021-02-05,64.05727793969473,17.797400791633432,117.33120101554238
2021-02-06,70.33073836963602,18.835253541788298,117.93538413083894
2021-02-07,71.14063556344703,19.243198521343682,118.44741539374468
2021-02-08,66.10121461479557,21.02756299102358,118.74367886834526
2021-02-09,79.10672847785101,15.037705845383453,119.13285940642858
2021-02-10,61.49932299907812,18.516042825994127,118.85726654826432
2021-02-11,70.51075112090811,20.34708665819312,118.44816710655317
2021-02-12,72.87051719907252,22.516812195347903,118.4464798778477
2021-02-13,78.13165288661175,19.32198661334259,118.36138756658522
2021-02-14,81.20522245271533,16.73876949369096,118.13477354192159
2021-02-15,61.725589535356875,21.914272226158893,118.48296726564995
2021-02-16,58.785122676471964,19.58393579678743,118.9606198699352
2021-02-17,87.54466696263717,18.65192202627906,119.00482331308112
2021-02-18,78.19425326060777,19.955890536021883,119.74358835360876
2021-02-19,67.29719672453973,21.005536411866743,119.17274379654201
2021-02-20,90.80962745286901,20.331733074182644,119.07591406690214
2021-02-21,77.62113076081296,17.2933056518635,118.71750290660074
2021-02-22,86.48069328941664,23.658317245125925,117.78423459806422
2021-02-23,75.39354638881669,24.570166405177595,117.74289425514287
2021-02-24,95.94721615889412,23.476129867789428,117.68202050095123
2021-02-25,94.37142101041296,20.046776958686582,118.4387453725723
2021-02-26,74.07693465087581,22.064576327592086,118.75415121484968
2021-02-27,86.30380320289744,22.596233454058257,118.24205780268508
2021-02-28,83.09863951323672,23.944845152036734,119.16910408585217
2021-03-01,90.63971640484858,24.218140351573204,119.77962093361485
2021-03-02,68.4255406761406,21.54349772338696,120.07066978534915
2021-03-03,84.6380412944993,23.302366689990762,119.95742773592424
2021-03-04,88.24913975279499,24.175573458380935,119.4777081175625
2021-03-05,59.64295702310467,26.291364841186756,119.29160472952697
2021-03-06,66.15249393345542,24.903476124433094,119.83597903937905
2021-03-07,57.91875087491017,25.183320566790574,120.77827219234636
2021-03-08,76.3758781688193,23.879573078638725,121.54989395648246
2021-03-09,85.57500875672956,26.635487606156524,121.30546924558932
2021-03-10,94.07915788044306,24.732650845606944,120.74566052894482
2021-03-11,80.73367061576656,22.285382611996738,120.81610365240041
2021-03-12,94.89683974507993,26.904580809378814,119.931883969619
2021-03-13,65.4116448990621,25.579752356485194,120.09346782671139
2021-03-14,62.987876491364375,23.37975970217034,120.01966653356206
2021-03-15,79.57353652609255,23.3845364640801,119.78664828262794
2021-03-16,83.46937800085121,25.010097848366037,118.98929674899453
2021-03-17,79.37072941255319,25.412468655357994,119.2460968022794
2021-03-18,59.23978292392564,24.945543359035025,118.97974638244844
2021-03-19,78.94053360062178,25.23412417447208,118.39478796459329
2021-03-20,65.76219465019038,28.067639871737615,116.95865685795246
2021-03-21,85.96609446997093,26.862683358543915,116.94489940542715
2021-03-22,83.72188847414021,25.14837843381143,117.83102520376202
2021-03-23,70.44615753151979,26.69286279744476,118.66165481103596
2021-03-24,75.91074513002566,22.783939619255214,118.43310668274282
2021-03-25,69.59717502181208,25.6791872411626,118.13200065256194
2021-03-26,78.81345939934408,28.531881302875497,118.36638778059944
2021-03-27,90.15162415620195,24.50269315142294,117.8671950610053
2021-03-28,71.18672491025697,23.264606739384163,118.01809101091503
2021-03-29,86.07204795782265,23.672353540147345,118.40113115010737
2021-03-30,76.13499847770287,22.80948409391048,119.01459776204953
2021-03-31,73.32912976750231,23.427003713442957,118.96452072380956
2021-04-01,79.9243018926255,24.25884489886279,118.86268384872108
2021-04-02,71.17353029407782,22.187615841463785,118.4236925553428
2021-04-03,75.0446165793506,25.02443087820957,118.01025237832286
2021-04-04,68.03069010373228,26.7877500813488,117.89701293237209
2021-04-05,100.75493177647559,23.153245052687044,118.08069568578019
2021-04-06,80.06336476004292,27.98845137359609,118.53748799889681
2021-04-07,73.1986348047367,25.948163843565652,118.13589852355665
2021-04-08,82.12594897389413,26.960013910259327,118.88224280803641
2021-04-09,79.7941650687391,23.551041852197542,118.74668100751512
2021-04-10,77.73606689142066,26.539214307618334,118.7359973603409
2021-04-11,87.11098346890252,22.605354448666827,118.36239152076699
2021-04-12,87.0356099535868,26.524393281372753,117.15027139063052
2021-04-13,74.59049287474082,25.037884054269416,117.59229408881104
2021-04-14,73.89027911015918,25.746660699455095,117.96071603735726
2021-04-15,77.80786425765918,22.23058373818622,117.82005225879816
2021-04-16,57.27095324860588,22.728927060807756,117.85354761741058
2021-04-17,64.18055488070078,25.646514664969004,118.11151722626263
2021-04-18,93.6511046697197,22.484071246361047,117.33024429781938
2021-04-19,95.40376236565896,25.231627533654933,117.06571795914623
2021-04-20,77.50571263841417,21.491148087262083,117.46285029895714
2021-04-21,84.1642153768879,25.83776557618965,116.83570558737252
2021-04-22,82.63898677552115,21.588173564894458,116.98248455345583
2021-04-23,108.95172709364196,25.065458840928738,116.30419365114412
2021-04-24,89.19726569855423,25.1156227001884,116.53740864236089
2021-04-25,77.34118722100703,22.370210754031753,116.51958790121215
2021-04-26,67.9582021197993,24.8231225855827,115.71202199325938
2021-04-27,61.573722732801194,24.071221561537378,116.29439167048798
2021-04-28,79.88726256254584,22.359905648638158,115.92709588208895
2021-04-29,70.29148101737111,21.303750471289984,115.52196966358176
2021-04-30,64.01980037279141,19.274931676257875,115.62225426219723
2021-05-01,70.29230684366495,23.774894875239212,116.1965729369116
2021-05-02,66.7712582974305,19.81752637802456,115.6886620274224
2021-05-03,93.24332555015073,23.005520945130026,115.71950195234638
2021-05-04,85.2150995021493,22.151839428131453,115.93391020251167
2021-05-05,75.5849802479748,23.897167742155947,116.28046300614324
2021-05-06,90.82643751281024,21.791221981878916,116.36868378378185
2021-05-07,76.53010603300335,21.589175198994564,116.18516986424018
2021-05-08,66.16754914611165,23.560940603390765,115.77137475391582
2021-05-09,89.9957583207906,22.612859014907475,115.81444669543902
2021-05-10,79.78915360493339,22.417059740546275,115.27837718944622
2021-05-11,63.36906134724965,22.561795800122663,113.81770194769891
2021-05-12,72.80431248920256,18.38718494544393,114.03598184977774
2021-05-13,64.38033821429063,22.803579772954095,114.48794927032084
2021-05-14,58.86697930109765,22.343267750756148,113.30648305254992
2021-05-15,82.53582652170675,18.90999705414432,112.80161770019495
2021-05-16,91.66361495378234,20.276992757791028,113.11119483069754
2021-05-17,58.35827920522889,20.50513957635241,114.1399425655534
2021-05-18,77.7191296070429,20.1302248345012,114.1503394193911
2021-05-19,64.91024786025983,20.87932107529231,113.78633794877653
2021-05-20,65.54453257634425,22.88369152686537,113.69488972822411
2021-05-21,64.50995341739892,21.990878813481935,114.38232793779821
2021-05-22,62.831688176440245,17.00638231168564,114.05934584823594
2021-05-23,70.37737602644057,20.67558219954961,113.6597498449108
2021-05-24,60.766571759997184,21.887135638520732,113.41837808381979
2021-05-25,71.90223951355848,19.79797798975224,112.94171377969045
2021-05-26,67.93216437139267,20.99873963475903,113.00304893768784
2021-05-27,65.29742772886023,22.631124909966395,113.81538816692262
2021-05-28,58.87504940407546,20.44125802836661,113.97692780348063
2021-05-29,62.256482930201734,18.677223769393223,113.8507510524175
2021-05-30,74.70144448552794,20.051127670598504,113.70484541795972
2021-05-31,72.16648015001219,18.030711531431574,112.92325001361138
2021-06-01,57.164732949347794,17.566433288256544,113.36480490218497
2021-06-02,67.76930288772782,16.591262135202882,113.32588630367857
2021-06-03,72.73751993347881,20.19421933277217,113.23564634688326
2021-06-04,49.88906509897832,15.201743070742879,114.83220013080569
2021-06-05,70.24372560692781,19.672517214613656,114.98157658498853
2021-06-06,58.33248881750912,17.374733347024055,114.60568105994093
2021-06-07,71.36264779297873,13.341727032630438,114.39250226183816
2021-06-08,56.676715936807184,16.639152735829846,114.96672511643654
2021-06-09,47.34742007498798,11.465566462756225,115.02336032170543
2021-06-10,46.93381521118817,16.676721994608588,114.30422133254673
2021-06-11,63.215591709890994,16.954647656038983,114.76383579983434
2021-06-12,65.73850763874455,13.75641532206385,114.42976375706485
2021-06-13,53.44021720428087,14.943701005948569,115.36641264517361
2021-06-14,67.46089435460377,18.35900715660293,115.90643667803094
2021-06-15,45.47068476348788,13.191966719464364,115.68277573020157
2021-06-16,61.462673412538805,11.837167216806906,116.32328391106913
2021-06-17,48.07134789642829,16.668659512139232,116.35721166633283
2021-06-18,53.033600899319325,17.37975943452077,116.78359850389393
2021-06-19,60.82174563627846,13.210205075292636,117.02596491254117
2021-06-20,50.62470453266081,14.97301941772036,116.60278658504573
2021-06-21,54.68980927816246,15.379450616945197,116.281011668887
2021-06-22,69.51919587713515,10.95713672900099,116.79599207767758
2021-06-23,53.06586520977091,11.21637628306239,116.62860441162431
2021-06-24,65.68683097380006,14.39297168809819,116.42678018000332
2021-06-25,45.229071345867666,15.044913664242445,115.94921889032864
2021-06-26,62.10320406801187,12.543812967606696,116.16101842312537
2021-06-27,71.85538621568294,9.401168481497837,117.19228088274694
2021-06-28,30.458459789659127,14.877321383885779,116.65851442561981
2021-06-29,48.28082175638918,9.58339169944403,116.67062415395618
2021-06-30,61.605521052632945,9.717001041064092,117.3767344316639
2021-07-01,52.95100460674607,10.813780622309572,117.33691373604104
2021-07-02,57.57210398745586,12.97921588809923,117.56309963416591
2021-07-03,47.695772895137075,11.32067534969746,117.03190287009247
2021-07-04,54.46912291663559,10.184397505655866,117.2460564186963
2021-07-05,51.56031281241943,10.02337789974932,117.15248428619402
2021-07-06,64.70742645176547,8.926232148784983,117.64534928403395
2021-07-07,54.94644606592571,9.698227781779023,118.23904230981633
2021-07-08,57.45322281193052,3.265994737785978,119.53382413082564
2021-07-09,48.24084443266288,7.475562420071694,119.82364071743243
2021-07-10,46.758572852012904,8.295655916035447,119.98653887572351
2021-07-11,47.730193947345754,5.255866638683239,120.08373102651217
2021-07-12,54.61010907311557,8.076147849739687,119.90714788010683
2021-07-13,46.41295719502038,6.640964211124112,120.07638980183768
2021-07-14,51.88541762561367,10.308137665034042,119.92868909676815
2021-07-15,69.43998547742547,9.691454396970533,120.01291958490296
2021-07-16,58.32600844406536,5.3630561545496445,120.67171835270695
2021-07-17,45.64048665471085,5.7433421859465,120.16844707006712
2021-07-18,60.558302813550796,5.648644740794973,120.73838635063164
2021-07-19,44.403453840866575,4.645988758578403,121.39694388430158
2021-07-20,27.28509203810221,5.693444354018852,121.33790962080604
2021-07-21,37.52958626969334,3.5423086288568664,120.27698217130174
2021-07-22,28.65195025315116,2.554584640063947,119.97307117775452
2021-07-23,42.51185198184469,5.819716486854025,120.62156845103507
2021-07-24,45.796939812638456,5.593439690384151,120.61013441988564
2021-07-25,62.73250718455656,2.4875143308330174,120.11048330373818
2021-07-26,47.765102698010544,5.650371479290882,119.85809584312408
2021-07-27,42.9061138514622,2.361839442126028,120.27840585637635
2021-07-28,52.51928219616988,3.898548710818534,120.55177264047704
2021-07-29,21.357281136066412,4.802087622598028,120.4323065908922
2021-07-30,45.911524551221326,2.8653822554846147,120.24889438498485
2021-07-31,50.546456422405974,3.6153912176519167,120.05301531046294
2021-08-01,28.160691129309587,1.4485135105382243,119.59181021821368
2021-08-02,53.97572902381159,1.8661309679060163,120.3994980629484
2021-08-03,45.5225310710116,1.6273304158103241,120.23833782834274
2021-08-04,38.06082010388063,0.32823672880976273,120.84691708875548
2021-08-05,47.98587199041617,1.2526127376157918,121.60757511471671
2021-08-06,64.92625283856007,-1.7038206162923584,122.10673056379069
2021-08-07,43.00301494689848,0.200913721328692,121.89092040743166
2021-08-08,43.230274637309634,0.4058880648868205,122.09278545259997
2021-08-09,35.78647908691083,0.2583714955593238,122.08068764940451
2021-08-10,31.43877034448866,0.08556288932092482,121.62883671903944
2021-08-11,47.82622476980622,0.24565090173128934,121.79101635990025
2021-08-12,30.18530901409209,1.1315376780358521,121.20149646432034
2021-08-13,39.01439082197954,1.7280761850620459,121.79533615855112
2021-08-14,34.06616822877427,-1.5111315958517746,121.56302750990193
2021-08-15,43.66576895264716,-2.8056201140829473,121.66360733783836
2021-08-16,41.830515897204606,-2.6678429760938682,121.80525127361142
2021-08-17,48.2021196539108,-1.7395595475292764,121.67579878675939
2021-08-18,32.401100310436405,-1.6472059469303328,121.96914568749702
2021-08-19,34.70842578198272,-2.6583222951238525,121.73169385918577
2021-08-20,27.730497240243526,-3.882235741479915,122.16734250791438
2021-08-21,32.15045080312275,-2.3705708468065207,121.49435266779102
2021-08-22,39.71611439503344,-1.260407380277667,121.55754245756421
2021-08-23,43.18419857386363,-0.5946888945095885,122.52700695709336
2021-08-24,26.715505822590153,-3.057589062955877,122.02684129479057
2021-08-25,44.2162130250642,-2.92319483910104,121.68796880952814
2021-08-26,49.17966180835856,-4.10146738938336,121.9449227343576
2021-08-27,38.98812319206766,-2.458191321608196,122.0347136253274
2021-08-28,53.90292131591275,-4.235739459661177,122.21002867496418
2021-08-29,26.35530480652404,-1.5324802338135495,122.45462224003802
2021-08-30,22.894154128289493,-6.386565530115626,122.7719829743189
2021-08-31,16.58381762821535,-3.6663912656535955,123.326832895297
2021-09-01,48.75761602904133,-2.4733801022563395,123.53174222376127
2021-09-02,40.17526733171231,-2.832514026958024,123.411113396452
2021-09-03,31.432351414865757,2.0652074885186016,123.74740024705336
2021-09-04,36.185372577617485,-2.7379893118878145,124.69734121450097
2021-09-05,22.738174194103937,-5.558446228554281,124.63102434130968
2021-09-06,57.62313221481406,-3.8499979455913858,124.14375968897436
2021-09-07,35.39903716004119,-7.316247057823802,124.69730002361784
2021-09-08,34.00031626803132,-4.02556033148992,124.63710944164104
2021-09-09,40.234194565445705,-5.626971079571208,123.55077466863403
2021-09-10,36.665280922939374,-2.2224396433111497,123.97448550720924
2021-09-11,34.76951953393936,-5.24049770004738,123.70682141423228
2021-09-12,24.214405659329692,-4.458955531773068,123.6615547730802
2021-09-13,37.04266184979919,-5.576330632265488,123.82754493836471
2021-09-14,49.614188776113124,-0.9030645511027862,123.92279477825424
2021-09-15,45.43395127019948,-5.094543760698055,124.27752068682376
2021-09-16,46.461874073500574,-0.853952658402561,124.05977750153885
2021-09-17,25.9736042445015,-2.953469425199386,124.31633040062688
2021-09-18,21.26375413225455,-3.6760248048147517,124.18655706183492
2021-09-19,29.951934234108744,-3.9567390800473117,124.55596230227867
2021-09-20,31.72907287732469,-3.9563036832672305,124.8636460442852
2021-09-21,43.33602624689176,-8.644567408148674,124.39592669326291
2021-09-22,14.519188738687667,-5.387930641786618,124.93891775135043
2021-09-23,45.94918698582113,-3.1763950175331748,124.67093602879339
2021-09-24,29.636202653562307,-4.996647105959422,125.07496492793398
2021-09-25,27.750839492467094,-7.736959360117609,125.25860858463464
2021-09-26,21.23113700761991,-5.05469242746749,126.1777004230322
2021-09-27,13.695275855890763,-1.5605463804699027,126.06596743184627
2021-09-28,38.69039986963739,-2.4894123027060657,125.89130903378718
2021-09-29,31.9582717661447,-5.1172022290424275,125.88159923084332
2021-09-30,17.677648508544028,-3.0958513257048965,125.73000933942618
2021-10-01,18.49534868639126,-5.732875136778956,126.1299802903972
2021-10-02,28.734744155943307,-8.404270703351804,125.32182498617891
2021-10-03,48.22301631448087,-6.837682144854365,124.79498377660573
2021-10-04,27.35846644895537,-1.8507537803170702,124.26108231581614
2021-10-05,16.14842672601914,-5.507860760280941,124.73623611180292
2021-10-06,28.910973904631277,-5.425552900957722,125.59154279809388
2021-10-07,28.707974232257484,-5.512944995959038,125.53931818882515
2021-10-08,3.177966742129236,-1.0750599621229706,125.45490732723015
2021-10-09,29.836184042634482,-1.5970695955861682,125.48993340878673
2021-10-10,27.89615028881586,-0.3726811690135259,126.07087256009083
2021-10-11,38.574847645794975,-5.085197672081487,125.60719599299554
2021-10-12,49.93414736115174,-4.128348076579951,125.72638048436293
2021-10-13,43.983298976586624,-7.7010102214264355,126.21397929925415
2021-10-14,28.37829610872882,-1.657637975349762,126.46452638422407
2021-10-15,21.71064207463531,-6.886517930308479,126.55931719252344
2021-10-16,57.88913233180362,-4.052547937297569,127.05984023880701
2021-10-17,33.38340118644239,-6.611551813350202,125.70822409230739
2021-10-18,32.818057287493644,-5.521256052355981,126.04716175207284
2021-10-19,32.653190204105194,-5.940372606526707,125.72012391050913
2021-10-20,34.693826377108074,-5.399696332758779,124.8048074620809
2021-10-21,31.42562177750031,-5.176086275426386,125.06040876184339
2021-10-22,27.428939480053064,-5.104096022194032,125.74723803442487
2021-10-23,27.014800064680585,-2.2464574301273337,125.67851377711102
2021-10-24,33.581607347045846,-6.024294901874558,126.1549510507125
2021-10-25,28.015381769669382,-3.2708369687522723,126.96109017970682
2021-10-26,26.035623936677574,-1.169288887428423,127.61854740649885
2021-10-27,35.61933885373171,-4.520855773810441,128.43852967118454
2021-10-28,32.39737350886561,-4.8155579783884335,128.80959341672047
2021-10-29,49.90398520461352,-3.722061899510955,128.84731023617127
2021-10-30,7.556493775919792,-0.7789251604422298,128.0463273302227
2021-10-31,45.76312611227943,-2.6236300590372394,127.92329608615772
2021-11-01,47.8814341234078,-3.9438879633522417,127.50167278849963
2021-11-02,14.522864680703432,-1.7795030705368355,128.58714414724852
2021-11-03,32.998570253625644,-4.813860384190022,128.49920124103238
2021-11-04,31.89408539033313,-1.104840374601224,128.5608036444246
2021-11-05,21.999375825478126,-1.5049336841326832,128.83654633244484
2021-11-06,28.983941713213085,-2.7887028273881853,128.85834755563107
2021-11-07,26.403859891125077,-3.6975879195146177,129.70587307584645
2021-11-08,55.26450841930432,-3.6375466959185774,129.3945483949792
2021-11-09,46.53671975188184,-0.6348030933698225,129.49185212259783
2021-11-10,49.682207928857494,0.9167386017190502,129.12061682974883
2021-11-11,45.45442828727397,-2.6492026212360296,128.46060557413847
2021-11-12,26.517606235171826,-0.2878079083453595,128.15472102868583
2021-11-13,34.38111998881419,-5.205309381663924,128.13620263016162
2021-11-14,43.87590357770833,-2.023896035753085,127.92155151790298
2021-11-15,26.665181608211036,-0.736967199968429,127.57534102796606
2021-11-16,46.71404347132201,-2.3112417397383735,126.87218229613013
2021-11-17,37.504930181052046,-2.178804257934204,126.8306295098158
2021-11-18,36.169801242705304,-1.4522133954319574,126.07826932280028
2021-11-19,46.85426074079,0.6598661830185625,126.45829730464509
2021-11-20,44.814880155734656,-0.10410145233747498,126.49951718111234
2021-11-21,38.183901695380634,-4.007946980002607,125.77074143137988
2021-11-22,53.62675341855237,-3.5721015318831517,125.61613689285494
2021-11-23,30.585337380791543,-0.34088340744124546,125.24005869005966
2021-11-24,47.29914278936487,1.994472867695645,125.39964594526924
2021-11-25,49.483082745903204,-4.2070137872574875,126.06987116828081
2021-11-26,39.279935913819145,0.500013303329963,125.13228493345794
2021-11-27,46.02793804516365,0.6609745894508556,125.18979797303166
2021-11-28,29.458676010044947,4.706597983342409,125.10973157524833
2021-11-29,52.71326561396991,1.37872226609102,125.44540161347356
2021-11-30,41.560476162015384,3.135913811700296,125.5519999275924
2021-12-01,38.63194203402231,2.8758810277752667,125.176015261723
2021-12-02,56.06401688207855,-1.4421405613512244,125.0164882938897
2021-12-03,37.09880192966825,4.583160369720707,124.61847536548794
2021-12-04,30.88759670566761,3.7073528848064172,125.15647893478724
2021-12-05,29.62639642274485,4.524903391092704,125.16713475912321
2021-12-06,49.789466043380465,11.594571373687899,126.11773010199971
2021-12-07,34.92571045300247,-0.19054571708678303,126.08739969509242
2021-12-08,63.32534623310243,7.664442205868106,125.73319631163717
2021-12-09,26.420466412156983,3.879236817839191,124.97633911533076
2021-12-10,64.08837908020165,5.269515976160437,124.07476927720279
2021-12-11,49.68718834069705,4.846132015485814,123.28270130570004
2021-12-12,47.27828723442075,4.332482407818436,123.41626463120579
2021-12-13,43.35134308868253,4.286515773678142,123.67062714282075
2021-12-14,52.513360222082284,6.33178097793687,122.88003179180468
2021-12-15,49.76453436640339,2.8862802436450634,123.32755094884274
2021-12-16,60.18836637878956,7.670858908300709,123.08602042300103
2021-12-17,51.43772098219858,5.587519700140241,123.1594169289938
2021-12-18,52.81516608506104,4.411038626856783,123.96552724312151
2021-12-19,47.78651022621999,6.023406785979083,124.41394690105427
2021-12-20,50.23240944708934,9.690897786076487,124.27968157710136
2021-12-21,55.298060657381384,6.359932663245387,123.83408546439372
2021-12-22,34.800004528314616,8.402274926455025,122.75817776372907
2021-12-23,39.435831076305455,6.478905866870075,122.39860110410785
2021-12-24,59.87118988227829,9.712723026356947,122.293035984694
2021-12-25,54.52814569731937,9.824490015868877,121.79944622111842
2021-12-26,50.705662516204924,12.407745685531122,121.73381773757227
2021-12-27,54.389664550304616,8.61683570696676,121.77224367905166
2021-12-28,57.59028579419851,10.563014601167001,121.6598156881476
2021-12-29,49.43277445635018,9.679810904736701,121.33481439773588
2021-12-30,46.78431744162911,12.3335432213885,121.41914173371924
2021-12-31,58.217774395242856,8.562335224782547,121.64011205850395
2022-01-01,45.9271921220536,11.748210968092083,121.09491251978253
2022-01-02,60.93717277312587,10.126929582107822,121.80037870965566
2022-01-03,40.179195306782375,10.645918654131812,121.75108464351354
2022-01-04,67.84306865704377,11.215541370931543,121.76050945498595
2022-01-05,62.689656287402165,11.793952773915052,122.11461666661424
2022-01-06,61.20537300037071,11.314067375467607,122.23122473224598
2022-01-07,68.80494568432684,12.232547039831344,122.7077930492026
2022-01-08,75.2787533253374,15.21541769682334,122.85135513180352
2022-01-09,69.496333054648,14.285531681194655,122.5451364444833
2022-01-10,41.48291774923036,14.307706347715959,122.72588820708636
2022-01-11,48.20814016994524,11.912321595600922,122.15402510342602
2022-01-12,55.45718445789285,11.29808584157264,122.20830495631428
2022-01-13,61.28506674097032,15.23942381153799,122.19168996099205
2022-01-14,66.65464396879624,15.33218507514884,122.08763153235579
2022-01-15,54.27514104380479,16.775640778244767,122.02336277663632
2022-01-16,64.8814766882495,12.871411111073124,121.0824382538875
2022-01-17,55.601817068141926,13.868139182488441,120.80807580001702
2022-01-18,58.31490334644866,11.294850044793467,120.85449825058757
2022-01-19,50.04813335762685,14.034102713263723,120.93442644658627
2022-01-20,54.36067694741784,17.055984515070595,120.4205888761233
2022-01-21,51.49248084618219,14.372151074189178,121.05344279655564
2022-01-22,54.90902651130802,16.826827733761743,120.6203553724484
2022-01-23,76.20615348343141,15.403944881658484,121.10508397271177
2022-01-24,56.313256850229465,16.670433894532714,121.31868115364762
2022-01-25,93.34998584862252,13.962521259553416,120.9955674987257
2022-01-26,71.79447553807063,16.662052787524267,121.88322294503047
2022-01-27,70.83017193970008,10.741168184304712,121.28640452915222
2022-01-28,59.198288124299204,16.579461747218794,121.74598161595722
2022-01-29,76.13835021826733,13.920061114306547,122.24627277497872
2022-01-30,61.99349409086167,19.81862228549329,121.9109626704404
2022-01-31,69.74620186711806,19.184878863310587,122.60719532047256
2022-02-01,94.66437519396445,18.784576074415416,122.48217206317308
2022-02-02,67.87123291624712,21.11209002739325,122.62651887781301
2022-02-03,82.20051962056569,16.38869665586462,122.75667979719861
2022-02-04,62.40861770070796,21.995252740197877,122.68952542646335
2022-02-05,70.02019304215473,20.576387230327782,123.09492956304324
2022-02-06,89.2138048308498,18.447789729973554,123.49167392331934
2022-02-07,64.58859910908834,21.39839334609278,122.61740793670026
2022-02-08,90.80436938428625,17.11811420178974,123.26957805813933
2022-02-09,79.76341793699518,17.882456190297315,122.4383320641215
2022-02-10,67.37146091465164,18.51226396904532,122.95460516629232
2022-02-11,79.71673832751294,18.866563857506144,123.51795773470612
2022-02-12,83.65228626608327,18.003538996973674,122.9724745195985
2022-02-13,79.05750882124251,22.751957642545655,122.76706737562122
2022-02-14,58.23209578940999,19.974166105035046,122.21421504137825
2022-02-15,66.58572003416921,21.37985927094038,122.10675452623389
2022-02-16,72.21049491770714,19.71395784161133,121.95273738414102
2022-02-17,75.06967530496541,17.390048743362748,122.34256765027568
2022-02-18,81.1920192014012,21.744696032231175,122.99772202333548
2022-02-19,78.50027389653386,17.55007717633889,123.69556392873046
2022-02-20,62.49071090917895,21.403954311088132,123.41447991544132
2022-02-21,80.6824855313779,18.967807688396018,123.30986897856906
2022-02-22,81.07623607708929,25.838736849813277,122.46814988245858
2022-02-23,81.39883756430191,23.843141766969595,122.06521484921048
2022-02-24,87.44812911862289,22.384593467653378,122.54764066575922
2022-02-25,84.69973606361447,24.849561654845555,123.35543207753332
2022-02-26,82.34209287941057,20.77492744055565,122.73825764159336
2022-02-27,76.39642970429406,23.696234841857358,122.44202551201693
2022-02-28,60.9266047652683,23.146877240350342,122.42882263353745
2022-03-01,82.05003172114807,23.409499536804386,122.56890321294726
2022-03-02,79.36642210776905,25.556552321157486,122.16410145298644
2022-03-03,80.58675798650773,24.60335978272325,122.37613197521848
2022-03-04,65.53084400799426,23.838459974800497,122.13921230168302
2022-03-05,68.8542886256216,20.06994532443663,122.13198616624388
2022-03-06,90.02916914467805,21.57437045422472,122.40512829024573
2022-03-07,78.78859393308835,23.359789324848087,122.40833942515121
2022-03-08,86.00727654386384,23.898664571333306,122.19014647988791
2022-03-09,80.37314214846815,21.554161866401667,122.135341577925
2022-03-10,78.4211003405444,28.73647860484479,122.09116009832235
2022-03-11,88.16708187826869,27.040346542851022,121.90615458338128
2022-03-12,74.29996251351865,25.3020775099134,121.77675655204773
2022-03-13,81.04590955949175,24.32801953397463,122.57608013730008
2022-03-14,75.82782163267083,23.841429804625,122.8565398612707
2022-03-15,76.65193682023502,22.439685478834114,122.70879970225613
2022-03-16,77.48205532384827,24.57190779512224,123.0572769045115
2022-03-17,82.77112803437699,25.001604145108324,122.89036715963348
2022-03-18,76.889586031553,22.067437676809362,123.4769294784268
2022-03-19,93.42896712719018,25.279859662076106,123.66175057452585
2022-03-20,72.30383501599881,24.357207024935356,123.60809950252374
2022-03-21,80.56567467812467,20.90398193831936,123.83195796542887
2022-03-22,77.33230672878322,23.046337229722376,123.04651988939463
2022-03-23,95.8919801756249,23.983030569066504,122.48313615493973
2022-03-24,81.95344852578717,28.624362740990676,121.8861736517402
2022-03-25,91.17770889994777,25.9964393903365,121.95764519912206
2022-03-26,67.3630223766589,22.242305465209498,122.8239026988646
2022-03-27,84.06272584118726,25.91085752104296,123.9395527719609
2022-03-28,91.60819282839161,21.865266618745604,124.25857832268129
2022-03-29,82.0351286119196,27.141913425107614,124.50900056015351
2022-03-30,92.64004816697162,24.046500864959498,123.60847169307715
2022-03-31,76.54482097136903,24.809255152220025,123.33713479321014
2022-04-01,94.88640886005453,27.65145439112723,122.94324291725601
2022-04-02,105.28571799666496,22.42442274265257,122.63281911813046
2022-04-03,78.70806490596644,22.198957840084383,122.54874720883807
2022-04-04,77.32910751321614,23.815997081083495,122.31270191998951
2022-04-05,95.12231546559325,27.04551511501952,121.3230520148016
2022-04-06,97.96153252589663,21.911191375358865,121.69700714286037
2022-04-07,77.57800564639953,19.262268470289325,121.16063562999048
2022-04-08,77.15292861281509,23.996535022193214,121.28025906204604
2022-04-09,78.08797814266568,25.970192559723657,122.31730039692104
2022-04-10,66.91813801096417,27.23068735296276,121.85760810112782
2022-04-11,71.85154804443786,23.862899525286654,120.59246433975466
2022-04-12,70.85996781800141,23.92104506546773,120.44946222881461
2022-04-13,72.30982145462805,27.00200684319385,120.99994204631389
2022-04-14,81.55908834175968,20.900674860094686,121.97911577342418
2022-04-15,83.13714199975567,23.804731399069905,121.36434097619798
2022-04-16,95.89570217886262,24.89991452521108,121.61269058781625
2022-04-17,70.09143442011212,25.350495671032302,121.38003535942622
2022-04-18,90.36182457031127,23.361153868427685,121.32706118227415
2022-04-19,78.18815893595429,24.37409697286837,122.64923285578266
2022-04-20,81.06112914415087,19.248768993356595,121.8977476915851
2022-04-21,87.08847662998856,22.824920326188618,122.02461752233238
2022-04-22,68.34284170902085,24.96023761954041,122.2584641082151
2022-04-23,84.20720557799875,21.996270897060334,122.80135727068476
2022-04-24,81.2686147345847,23.982329276075593,122.85034884742021
2022-04-25,84.15564642754886,24.657499392496298,123.00437411717226
2022-04-26,82.37934399368764,22.973971049697717,122.80854983346137
2022-04-27,103.57491875660725,23.89126457686341,122.94311330408392
2022-04-28,73.09844504366482,21.512124230454408,122.77151716633522
2022-04-29,73.57591956710417,22.907637280050306,123.08230311126324
2022-04-30,71.92227582397227,24.42061539878148,122.89749794324142
2022-05-01,72.6967657869426,23.389540702576692,123.08604814019252
2022-05-02,72.10245510061594,21.774069381620798,123.07141673335002
2022-05-03,89.76773916886886,23.263265354828995,123.63444185873611
2022-05-04,91.55187656740806,24.10795544156919,123.60874499694187
2022-05-05,72.88304730739465,18.4389996341246,122.72222876283843
2022-05-06,68.22366980008296,24.71346111077044,123.35318951319542
2022-05-07,81.81769339149638,21.5755612943266,122.90032336276411
2022-05-08,70.80240226711818,22.948179061294635,122.5734401934397
2022-05-09,81.86875495910827,24.337236804029693,122.27560954641795
2022-05-10,78.97887144995917,19.041400431719786,122.96282859300337
2022-05-11,60.90676480354655,20.20437861565052,121.89499148601402
2022-05-12,91.32011400755367,20.881231800106733,123.46386575284401
2022-05-13,93.92041177717151,19.722495370731274,123.99189415737703
2022-05-14,68.05301514918158,24.58820331440256,124.10351361444162
2022-05-15,71.55597860896837,19.22981912364373,124.07606661413348
2022-05-16,77.83651200399065,19.654060146165698,124.21884365156231
2022-05-17,77.61019751179191,20.992532214813625,124.47940486575197
2022-05-18,81.4458062597373,17.99491935115249,124.802012658727
2022-05-19,94.2151387347269,19.420239718642716,125.07981489172872
2022-05-20,71.60060535222577,20.655864485703354,125.12460523235634
2022-05-21,65.42841811051717,19.161624549371254,125.02593602220269
2022-05-22,59.12529489880226,19.444046980748556,124.95029938037592
2022-05-23,65.51231968828353,18.37277799404077,124.8528452401996
2022-05-24,72.85111581356198,16.20032838108838,125.41973028863313
2022-05-25,89.73733805056457,19.667547371052315,125.71650864977356
2022-05-26,65.10871396659628,22.32664492768158,124.24631433244141
2022-05-27,73.27288431362045,18.643387280131744,124.5742647207063
2022-05-28,70.40446532399659,18.844367170647747,124.67163281806569
2022-05-29,81.80438595216586,19.564052088343484,124.66227843984274
2022-05-30,95.95814262745319,15.4222897293356,124.46801921329829
2022-05-31,63.33540956148153,21.145965181497,125.0300755732913
2022-06-01,64.36664230070191,17.92328479453224,125.50383880435272
2022-06-02,78.38592865659705,20.557804404808564,125.11739997044093
2022-06-03,75.83748736206167,15.601326624059977,125.32092611400319
2022-06-04,85.46887633763785,20.47472424774253,124.83509774673254
2022-06-05,72.93647529064401,18.15809275332699,124.14528866433808
2022-06-06,63.179149720250244,17.48108527124803,123.8319300520431
2022-06-07,72.55733594175645,16.608388290940617,124.26312678823447
2022-06-08,77.72064289359814,15.406796913698102,124.73968931092253
2022-06-09,73.61530233378467,18.066682795007218,124.99623202097116
2022-06-10,70.78398050565227,15.70642570064261,125.35877991439517
2022-06-11,77.28347650273805,11.250045282886697,125.61686905795264
2022-06-12,77.32240973027469,12.706754309953952,125.29612826034116
2022-06-13,78.51974481209014,14.324914109651909,125.51208953267815
2022-06-14,70.54973523652951,15.07069025543347,125.91229429529199
2022-06-15,62.26654249979115,14.090283150188446,126.28943996019876
2022-06-16,64.33600378420843,16.392923970507432,126.88389664593609
2022-06-17,76.48242609967792,9.803128979136783,127.23804856953663
2022-06-18,54.60003965376664,13.741760926469503,127.41377267330742
2022-06-19,67.31207352616923,9.566855280822633,127.94884779246563
2022-06-20,57.71306062174031,14.469517937871984,127.9355871628411
2022-06-21,61.927101361460664,12.50758135699943,127.49464983722724
2022-06-22,73.66695474384177,13.281325138125995,127.41311635525535
2022-06-23,63.05533298458013,10.459222032618595,127.04066503285213
2022-06-24,59.82038022668065,14.490152525104222,126.70307589536495
2022-06-25,45.44987178537017,13.75833443494313,126.63081656000719
2022-06-26,66.2700175187051,12.585139853281762,126.2346065995072
2022-06-27,65.22203254691966,10.901762694775064,126.08062583468768
2022-06-28,79.3468351349474,12.06291373107716,125.13381850121078
2022-06-29,54.99151320385738,9.231548359093262,125.24046535489725
2022-06-30,58.88475372553453,12.09838792144842,125.24106809257837
2022-07-01,58.190131476583616,13.428066741978173,124.83252377704429
2022-07-02,71.4451173632378,12.012116166628052,125.16214661126048
2022-07-03,55.4526222682378,8.153518456978194,125.63093168007376
2022-07-04,57.94172827530187,10.077501139478251,124.82715174788927
2022-07-05,61.7085693223141,6.510517751995812,124.44578935860616
2022-07-06,55.86154546114737,9.983983433849403,124.06121818371253
2022-07-07,49.07286801307023,9.483155578467088,123.59126663315809
2022-07-08,56.51668586192396,4.585482214110256,124.00600405412396
2022-07-09,64.43212747685185,5.745209650386563,123.90909098473756
2022-07-10,42.44221753529531,7.246734252714349,123.77683356408225
2022-07-11,53.41361423619686,6.9561753116406,122.77490238187887
2022-07-12,45.25895235525442,4.884547343278957,123.09261139698349
2022-07-13,62.69651680181227,7.827864111800723,122.47298219955675
2022-07-14,35.17305314602113,7.300133486284086,122.50294851468992
2022-07-15,44.68287581232442,6.156876682583781,122.64163698366902
2022-07-16,54.09092130479404,4.783084292469244,123.32196628158835
2022-07-17,64.33605716833505,8.142431861913018,122.66755608202878
2022-07-18,46.93493090466081,9.107354098188349,121.15780000411837
2022-07-19,42.92190968720098,4.582184743204574,121.24972477649521
2022-07-20,67.12463737428533,4.079060551652957,122.14998036725063
2022-07-21,32.879110808608914,6.0412880974560395,122.76945354372036
2022-07-22,25.488500738815205,4.0997565504450275,122.87428325135767
2022-07-23,51.28577571903052,4.295499637727019,122.62846515854164
2022-07-24,41.01051804411006,5.813686825389873,123.03202645686031
2022-07-25,36.90578409785896,0.27743367513841655,122.54525335700808
2022-07-26,51.91069257662083,6.4962652674710215,122.78343224168619
2022-07-27,47.664123618144664,3.7703559491153733,123.0361673212695
2022-07-28,39.586135033436186,2.5692319456182116,123.56627227501895
2022-07-29,32.11409628025312,2.9829312889302178,124.94610229447449
2022-07-30,53.26101027971838,2.8574660949330783,125.14231027806386
2022-07-31,51.61834422342399,-0.7564932135202027,124.8878284652101
2022-08-01,41.804620444689775,5.47124925321984,124.87504130911411
2022-08-02,61.58008428154396,2.3417153993034474,123.99050335666955
2022-08-03,31.728364188565756,2.925053538465755,123.64314679112502
2022-08-04,26.45788836003529,3.724492963038326,123.43850557206846
2022-08-05,35.559382858884476,-0.4361638512732444,123.17646137310118
2022-08-06,40.77939162728722,2.340359779505592,123.25263880911804
2022-08-07,43.67374098289351,0.6479390338153143,122.84142884292693
2022-08-08,37.91855217938912,2.6691806020591495,123.40194417658917
2022-08-09,45.28754266009866,-3.4837238401529067,123.40204770904828
2022-08-10,27.69009007574233,0.37036918057994445,123.39739754847896
2022-08-11,54.5736332847151,-0.836462010116376,123.2334501902225
2022-08-12,38.374852443292546,1.0371805431320356,123.311045532152
2022-08-13,50.10002219891241,0.919130411533405,123.7235946644858
2022-08-14,42.650112970332415,-1.6268529317992926,123.29002955663036
2022-08-15,43.40835948684409,-1.8235661316567455,122.96097131209274
2022-08-16,43.83351162526429,-0.8050848887223212,122.8091082977044
2022-08-17,42.64154420501881,-2.5584381597698385,122.13617283596778
2022-08-18,43.16362853342013,0.7406040796069391,121.72654390610704
2022-08-19,50.40957503882053,-1.8567445636238304,121.48843346933471
2022-08-20,40.40152613847969,-7.103978851623409,121.92562805969108
2022-08-21,43.74715292853777,-2.2079733051017567,122.05690872419204
2022-08-22,35.89696703074974,-3.7003482621935544,122.1537036798758
2022-08-23,51.36169687145603,-5.047299457102609,122.57915266095979
2022-08-24,29.67796328923616,-4.41759623318438,122.51046676676009
2022-08-25,53.41966045316919,-1.8783822511482315,122.70569919172453
2022-08-26,34.01033334778843,0.4092108848077243,122.65408831525829
2022-08-27,20.489660125032458,-1.7689440331286828,122.7867694899581
2022-08-28,36.32792448909257,-3.751888967711027,122.49539016115232
2022-08-29,27.117286262048477,-1.7669274699545443,121.2759815820141
2022-08-30,42.63844274758224,-3.7330131666853874,121.20884200092095
2022-08-31,27.764439376995423,-4.3363326590749605,121.92021606897092
2022-09-01,29.978936895722637,-5.384320117105792,122.38332377009172
2022-09-02,15.788583275748028,-6.7038406731064715,122.8660225123873
2022-09-03,29.262246879050917,-4.100707252561282,123.4840878732904
2022-09-04,9.02815605977241,-3.121482381183366,123.52841666877113
2022-09-05,17.408787912367046,-3.7435843749000397,123.62707452247393
2022-09-06,40.796958365760226,-4.491003307307957,123.31824857475675
2022-09-07,41.15910918776051,-5.655246512284461,123.16021214674323
2022-09-08,36.51383403124054,-2.6478684495264613,123.4680977216288
2022-09-09,23.70106546724999,-6.59512280546286,124.0700399402132
2022-09-10,31.466858720215154,-2.5011643667445225,124.00031680237271
2022-09-11,32.779940097984024,-6.145851188709759,123.775222169947
2022-09-12,20.939691190051075,-5.730294174888645,123.7754861493753
2022-09-13,47.91040662273252,-7.238785330688035,124.07608952383985
2022-09-14,40.79799228386665,-5.383571548580722,123.35416211577308
2022-09-15,28.57788612607167,-2.5014333115062737,122.20607163920447
2022-09-16,31.163228712657027,-3.4878105684730514,121.93080321445868
2022-09-17,32.47185019851796,-2.6249287253798492,121.32044700150159
2022-09-18,10.094372127606931,-3.5958731676176523,121.06637690267794
2022-09-19,28.908776283606098,-6.9015450317430895,120.99248674326921
2022-09-20,23.967176486880543,-5.405476728354848,120.7658625387577
2022-09-21,21.108660815642263,-6.3496205076923795,121.49209630599307
2022-09-22,27.010467315451194,-2.169014045407025,121.65546868829423
2022-09-23,49.282670998137846,-7.260288252754441,121.80570586809965
2022-09-24,36.46752223074184,-3.1114573602329894,122.11680944012134
2022-09-25,24.186730923285182,-3.140671926292921,121.54739288123096
2022-09-26,35.12664345278881,-1.2906431228803763,122.0669487749411
2022-09-27,44.69829204570489,-5.78813059823988,122.02906663167337
2022-09-28,39.32037217402003,-3.5585514146151804,122.36430694029397
2022-09-29,29.604558104505596,-0.4298905372326782,121.82837832377389
2022-09-30,24.113642221561832,-6.2340332336884625,121.05149894076587
2022-10-01,38.19558217533814,-8.069941591107572,121.46044376977838
2022-10-02,35.39849278064036,-8.756547597513894,121.64864853282714
2022-10-03,38.782954247478266,-3.5633261108725938,121.19762275564838
2022-10-04,37.67406314519016,-8.742831733450632,120.76279121501103
2022-10-05,41.05223349214182,-5.704512702498179,121.32550860721841
2022-10-06,24.635486102574824,-4.0641585681297645,120.73080266078475
2022-10-07,43.520706535932085,-4.542917529749449,121.55213913741274
2022-10-08,32.13942854227398,-4.03244341290064,121.1018287700888
2022-10-09,51.16016113462324,-4.4044077147085865,121.42102473289299
2022-10-10,22.91473464907334,-2.2525100092830073,121.2567154950185
2022-10-11,48.63860737502935,-6.6717400127589785,121.55830921055967
2022-10-12,33.11924036767607,-6.073587330991204,121.28625220950258
2022-10-13,24.755254073917044,-6.213044013126501,121.20485575646643
2022-10-14,25.568528034275346,-2.9511232038610906,121.22531534416429
2022-10-15,27.164502081061038,-2.750161650982482,120.72422161627355
2022-10-16,35.06348262002598,-3.5836484261858113,121.09463378898361
2022-10-17,35.67705459262693,-2.049959424304658,120.83802700574782
2022-10-18,26.230581812562,-6.69960413363135,120.7237270480778
2022-10-19,30.04948891708778,-0.9313995213250323,120.22655236077355
2022-10-20,51.68512963997431,-1.1374685679826273,118.9453855313759
2022-10-21,48.137703355156496,-2.626596874636936,118.84987165007581
2022-10-22,34.99254388866955,-0.44396061480175764,120.05617936088227
2022-10-23,33.31139207598541,-7.226371669043496,120.44848150483128
2022-10-24,33.61798457515884,-4.8634655882748214,120.43885131496408
2022-10-25,38.82757928505932,-5.18252674414391,120.30740590035995
2022-10-26,21.774062296647514,-2.1622485445248536,120.31863884676596
2022-10-27,30.734171574266355,-5.59474452398794,120.59219840435358
2022-10-28,15.614496236242953,-1.8647298982182585,120.00179199669915
2022-10-29,36.23797860490571,-0.5199403611570266,120.55895284403358
2022-10-30,39.40292787614965,-1.7479697769956515,120.91664350175421
2022-10-31,28.63289499012627,-2.444343273620953,121.27573636460818
2022-11-01,50.23310554821041,-4.857206055938542,121.49497423401304
2022-11-02,22.381074628271858,-4.440958305163644,121.50478256286003
2022-11-03,19.038953147213288,-0.11003827392384169,121.84121318084344
2022-11-04,36.50948186047125,-0.9088613876764553,122.13712024771414
2022-11-05,45.43876260698523,-2.400187338291307,121.96009989224362
2022-11-06,52.23043643850955,-3.0089049766421985,121.67329900579517
2022-11-07,32.03677977740839,-6.072032068842909,121.72422715342617
2022-11-08,47.25995298406055,-4.00588968872054,122.49873722917376
2022-11-09,34.446356388673664,2.118400408217804,121.87918369134681
2022-11-10,35.151006469346974,-4.102133545264007,121.14542105847059
2022-11-11,45.13167366174849,-0.9956274847362789,121.22780147908884
2022-11-12,42.62162322995829,0.810306630942069,121.25324533001685
2022-11-13,22.003881177817654,-3.5411006804643717,121.33991616220206
2022-11-14,51.994032788075806,-0.48523962487651934,121.4618927611563
2022-11-15,50.86097867755064,1.200981740794685,121.3502916338389
2022-11-16,31.819730722571343,-0.4668762619602054,122.09522335313994
2022-11-17,40.476102209550845,5.431014602978524,121.29477136390169
2022-11-18,44.41925370821651,-3.4538528002505755,120.88052285151156
2022-11-19,40.76559686941804,2.192937786133574,120.82889547143704
2022-11-20,33.56203591076364,-0.07504689031765432,120.00730106585996
2022-11-21,32.100965327746735,2.012355796320688,119.91937386364393
2022-11-22,39.267504703125454,1.5519130767854723,120.75010894650794
2022-11-23,52.303134161055105,-0.5934654459468878,120.76055219065591
2022-11-24,45.80825372167229,1.5370924805072212,120.87590264351525
2022-11-25,38.14735462909178,-2.4278070046035927,120.24582026092897
2022-11-26,48.391671732098935,2.7059686567760117,119.93763955690922
2022-11-27,12.698586501680062,2.309787234466749,119.75004136674725
2022-11-28,52.80356579198237,3.207242764211718,119.59118381836913
2022-11-29,24.167294372519386,4.265002539691048,120.23200571587103
2022-11-30,38.786079862860916,3.1051755226378606,120.51085124623359
2022-12-01,31.614195326333192,2.889545587196893,119.95512226776506
2022-12-02,30.88978825323133,1.0568557249405923,120.07837465698107
2022-12-03,55.78056553019781,1.6223044091591303,120.32748553122946
2022-12-04,38.86061101049224,5.650029114248504,120.8975600504901
2022-12-05,47.40502604260242,6.381036923155483,121.68783039377428
2022-12-06,44.77128026595338,3.265875088191137,121.18028329786034
2022-12-07,50.159833807577954,4.069685656416942,120.77485454225518
2022-12-08,47.0057837989464,2.4058201563583563,120.14606561279787
2022-12-09,32.54425894389055,6.7996455471747925,120.02905568324438
2022-12-10,56.09712395885236,6.025691814737976,120.26223487046755
2022-12-11,40.942050192611156,8.819591379015797,120.7559021287621
2022-12-12,32.412383809943194,3.4243089202550445,120.71792661694084
2022-12-13,43.78176247207911,4.670165832119224,120.55800285531342
2022-12-14,63.13920468465977,6.135655351841996,120.63388185143779
2022-12-15,56.722652761504335,7.213606712439963,120.21631040062277
2022-12-16,45.88358616528123,5.738365298161914,121.26107976147017
2022-12-17,46.53649392751843,4.673986329003348,120.45724924791114
2022-12-18,46.20573029633758,8.433992362784641,120.549619537359
2022-12-19,70.91691840082602,8.365703227061873,121.56142264697382
2022-12-20,55.38230239550182,5.344051151223891,121.56482256925382
2022-12-21,54.91313622497032,10.141488439488825,121.46980305175308
2022-12-22,61.42405645593086,10.025765108428992,121.29108034034786
2022-12-23,54.54688190292152,8.209411412796609,121.20088449946665
2022-12-24,50.17397642679483,8.356075051261781,121.88730873680493
2022-12-25,50.7312491177991,9.561590080520283,120.78137778114016
2022-12-26,53.41852580656589,6.987121878425784,121.54809463178833
2022-12-27,53.52252007505661,9.028026556293355,120.83611605556325
2022-12-28,62.89198202713153,4.9209379024328275,120.70278989094605
2022-12-29,54.71346791055056,11.236587116664683,120.48816768079672
2022-12-30,63.48084498678353,6.618813212778752,120.78244431568208
